{
  "id": "cmp_1776116135516",
  "timestamp_ms": 1776116135516,
  "label_a": "DataOutput1/DataOutput1.bin",
  "label_b": "DataOutput42/DataOutput42.bin",
  "source_a": "DataOutput1",
  "source_b": "DataOutput42",
  "filename_a": "DataOutput1.bin",
  "filename_b": "DataOutput42.bin",
  "rmse": 15.461370402730804,
  "correlation": -0.2424386277564089,
  "alignment_lag_samples": -23194,
  "metrics_a": {
    "peak_to_peak": 39.0,
    "max": 19.868785000000003,
    "min": -19.131214999999997,
    "rms": 8.625903404480312,
    "mean": -0.000254999999997417,
    "std": 8.62590340071114,
    "num_samples": 50000,
    "snr_db": -17.713393813713502,
    "dominant_freq_hz": 204.92000000000002,
    "dominant_freq_magnitude": 3.601042539089248,
    "computed_at_ms": 1776116135509
  },
  "metrics_b": {
    "peak_to_peak": 44.0,
    "max": 20.884974999999997,
    "min": -23.115025000000003,
    "rms": 6.937627589502409,
    "mean": 0.00857499999999718,
    "std": 6.937622290093342,
    "num_samples": 50000,
    "snr_db": -16.768239618998773,
    "dominant_freq_hz": 204.84,
    "dominant_freq_magnitude": 1.5103493807528876,
    "rmse_vs_baseline": 15.461370402730804,
    "correlation_vs_baseline": -0.24243862775640887,
    "alignment_lag_samples": 23194,
    "computed_at_ms": 1776116135516
  },
  "degradation_indicators": [
    "RMSE vs baseline is 15.4614 (179.2% of reference RMS)"
  ]
}