{
  "id": "cmp_1773607633541",
  "timestamp_ms": 1773607633541,
  "label_a": "DataOutput1/DataOutput1.bin",
  "label_b": "DataOutput8/DataOutput8.bin",
  "source_a": "DataOutput1",
  "source_b": "DataOutput8",
  "filename_a": "DataOutput1.bin",
  "filename_b": "DataOutput8.bin",
  "rmse": 9.807946650063887,
  "correlation": 0.02090515584229397,
  "alignment_lag_samples": -11311,
  "metrics_a": {
    "peak_to_peak": 39.0,
    "max": 19.86114811878005,
    "min": -19.13885188121995,
    "rms": 8.625907010870751,
    "mean": -0.007891881219949291,
    "std": 8.62590340071114,
    "num_samples": 50000,
    "snr_db": -17.713216566818918,
    "dominant_freq_hz": 40984.0,
    "dominant_freq_magnitude": 3.601042539089248,
    "computed_at_ms": 1773607633538
  },
  "metrics_b": {
    "peak_to_peak": 8.0,
    "max": 2.886414430661972,
    "min": -5.113585569338028,
    "rms": 0.6801559400418059,
    "mean": 0.0068944306619721195,
    "std": 0.6801209962940418,
    "num_samples": 50000,
    "snr_db": 1.187330638252198,
    "dominant_freq_hz": 1396.0,
    "dominant_freq_magnitude": 0.20412059951104664,
    "rmse_vs_baseline": 9.807946650063887,
    "correlation_vs_baseline": 0.02090515584229397,
    "alignment_lag_samples": 11311,
    "computed_at_ms": 1773607633541
  },
  "degradation_indicators": [
    "Peak-to-peak amplitude changed by 79.5%",
    "Dominant frequency shifted from 40984.0 Hz to 1396.0 Hz",
    "RMSE vs baseline is 9.8079 (113.7% of reference RMS)"
  ]
}