{
  "id": "cmp_1773607695914",
  "timestamp_ms": 1773607695914,
  "label_a": "DataOutput22/DataOutput22.bin",
  "label_b": "DataOutput28/DataOutput28.bin",
  "source_a": "DataOutput22",
  "source_b": "DataOutput28",
  "filename_a": "DataOutput22.bin",
  "filename_b": "DataOutput28.bin",
  "rmse": 1.0684636348127408,
  "correlation": 0.05801995711899567,
  "alignment_lag_samples": -120,
  "metrics_a": {
    "peak_to_peak": 10.0,
    "max": 3.902675162237813,
    "min": -6.097324837762187,
    "rms": 0.8992183568234371,
    "mean": -0.007324837762187144,
    "std": 0.8991885230584297,
    "num_samples": 50000,
    "snr_db": -4.267802541912495,
    "dominant_freq_hz": 96752.0,
    "dominant_freq_magnitude": 0.48271923449308995,
    "computed_at_ms": 1773607695912
  },
  "metrics_b": {
    "peak_to_peak": 9.0,
    "max": 3.8677259152631223,
    "min": -5.132274084736878,
    "rms": 0.6333746627902431,
    "mean": -0.009374084736877739,
    "std": 0.6333052897300007,
    "num_samples": 50000,
    "snr_db": -3.7781146891465003,
    "dominant_freq_hz": 33112.0,
    "dominant_freq_magnitude": 0.10415790890669617,
    "rmse_vs_baseline": 1.0684636348127408,
    "correlation_vs_baseline": 0.05801995711899568,
    "alignment_lag_samples": 120,
    "computed_at_ms": 1773607695914
  },
  "degradation_indicators": [
    "Dominant frequency shifted from 96752.0 Hz to 33112.0 Hz",
    "RMSE vs baseline is 1.0685 (118.8% of reference RMS)"
  ]
}